-- phpMyAdmin SQL Dump
-- version 5.2.0
-- https://www.phpmyadmin.net/
--
-- Host: 127.0.0.1
-- Generation Time: May 25, 2023 at 09:24 AM
-- Server version: 10.4.27-MariaDB
-- PHP Version: 8.2.0

SET SQL_MODE = "NO_AUTO_VALUE_ON_ZERO";
START TRANSACTION;
SET time_zone = "+00:00";


/*!40101 SET @OLD_CHARACTER_SET_CLIENT=@@CHARACTER_SET_CLIENT */;
/*!40101 SET @OLD_CHARACTER_SET_RESULTS=@@CHARACTER_SET_RESULTS */;
/*!40101 SET @OLD_COLLATION_CONNECTION=@@COLLATION_CONNECTION */;
/*!40101 SET NAMES utf8mb4 */;

--
-- Database: `truongcap1`
--

-- --------------------------------------------------------

--
-- Table structure for table `baihoc`
--

CREATE TABLE `baihoc` (
  `MaBH` int(11) NOT NULL,
  `TieuDe` varchar(100) NOT NULL,
  `File` varchar(100) DEFAULT NULL,
  `GhiChu` varchar(100) DEFAULT NULL,
  `ChuDe` int(2) NOT NULL,
  `MaLopHoc` int(11) NOT NULL
) ENGINE=InnoDB DEFAULT CHARSET=utf8 COLLATE=utf8_general_ci;

--
-- Dumping data for table `baihoc`
--

INSERT INTO `baihoc` (`MaBH`, `TieuDe`, `File`, `GhiChu`, `ChuDe`, `MaLopHoc`) VALUES
(20, 'Thông báo nghỉ học', NULL, 'Các em được nghỉ học ngày 15/4/2023', 1, 38),
(21, 'Thông báo thi thử', NULL, 'các em có 1 buổi thi thử vào ngày 1/4', 1, 38),
(22, 'Công thức hàm biến thiên', 'HamBienThien.pdf', '', 2, 38),
(23, 'Công thức tổng hợp', 'congthuc.pdf', 'Các em nhớ xem kĩ bài', 2, 38),
(24, 'Bài Tập 1', 'BT1.pdf', 'Các hoàn thành trước ngày 2/3', 3, 38),
(25, 'Bài Tập 2', 'BT2.pdf', '', 3, 38);

-- --------------------------------------------------------

--
-- Table structure for table `bailam`
--

CREATE TABLE `bailam` (
  `MaBL` int(11) NOT NULL,
  `Diem` int(11) DEFAULT NULL,
  `MaKT` int(11) NOT NULL,
  `MaHS` int(11) NOT NULL
) ENGINE=InnoDB DEFAULT CHARSET=utf8 COLLATE=utf8_general_ci;

--
-- Dumping data for table `bailam`
--

INSERT INTO `bailam` (`MaBL`, `Diem`, `MaKT`, `MaHS`) VALUES
(70, 5, 40, 1);

-- --------------------------------------------------------

--
-- Table structure for table `bailamtn`
--

CREATE TABLE `bailamtn` (
  `MaCHTN` int(11) NOT NULL,
  `MaBL` int(11) NOT NULL,
  `CauTL` varchar(500) DEFAULT NULL
) ENGINE=InnoDB DEFAULT CHARSET=utf8 COLLATE=utf8_general_ci;

--
-- Dumping data for table `bailamtn`
--

INSERT INTO `bailamtn` (`MaCHTN`, `MaBL`, `CauTL`) VALUES
(22, 70, 'A'),
(23, 70, 'A');

-- --------------------------------------------------------

--
-- Table structure for table `bailamvan`
--

CREATE TABLE `bailamvan` (
  `MaBL` int(11) NOT NULL,
  `MaKT` int(11) NOT NULL,
  `MaHS` int(11) NOT NULL,
  `Diem` int(11) DEFAULT NULL,
  `FileBaiLam` varchar(100) DEFAULT NULL
) ENGINE=InnoDB DEFAULT CHARSET=utf8 COLLATE=utf8_general_ci;

-- --------------------------------------------------------

--
-- Table structure for table `baiviet`
--

CREATE TABLE `baiviet` (
  `MaBV` int(11) NOT NULL,
  `TieuDe` varchar(500) NOT NULL,
  `NoiDung` varchar(500) NOT NULL,
  `HinhAnh` varchar(1000) NOT NULL,
  `UuTien` int(11) NOT NULL,
  `MaQL` int(11) NOT NULL
) ENGINE=InnoDB DEFAULT CHARSET=utf8 COLLATE=utf8_general_ci;

--
-- Dumping data for table `baiviet`
--

INSERT INTO `baiviet` (`MaBV`, `TieuDe`, `NoiDung`, `HinhAnh`, `UuTien`, `MaQL`) VALUES
(1, 'Băn khoăn về kỳ thi tốt nghiệp THPT', 'Thống kê từ Bộ GD&ĐT năm nay 900.152 thí sinh đăng ký dự thi tốt nghiệp THPT. Trong đó, số thí sinh đăng ký thi và xét tuyển ĐH, CĐ là 643.122, chiếm 71,45%. Số thí sinh tự do là 51.712, chiếm 5,74%. Đây là con số không nhỏ cho công tác tổ chức thi. Chưa kể, khi tổ chức kỳ thi, phụ huynh đưa đón con ở điểm thi cũng vi phạm lệnh cấm tập trung quá 30 ở một số tỉnh, thành phố… Ngoài ra, việc chấm thi cũng khiến nhiều người lo ngại do tập trung hàng trăm cán ở một địa điểm.', 'tintuc.jpg', 1, 1),
(2, 'Đổi mới thi, xét tốt nghiệp THPT và tuyển sinh ĐH-CĐ: Nóng vội sẽ khó đạt mục tiêu', 'Tuy nhiên, còn nhiều ý kiến băn khoăn về ngân hàng đề thi, trung tâm khảo thí quốc gia, chuyên gia khảo thí… mà Phương án chưa làm rõ.\r\n\r\nNếu không có sự chuẩn bị kỹ càng và rút tỉa những bài học trong mười mấy năm đổi mới thi cử (13 năm “3 chung”, 5 năm “2 chung”), Bộ GD-ĐT rất khó đạt được mục tiêu đổi mới thi cử.', 'tintuc1.jpg', 2, 1),
(3, 'gdafa', 'eara', 'tintuc2.jpeg', 2, 1),
(5, 'á', 'ưt', 'tintuc3.png', 2, 1),
(6, 'f', 'è', '256711326_298258265503583_1875770088068361661_n.png', 0, 1),
(7, 'ẻ', 'ge', '3aac1eaeca5d94878e2b4deba739d46e.jpg', 0, 1),
(8, 'fd', 'vd', '11122022-172455-256711326_298258265503583_1875770088068361661_n.png', 0, 1);

-- --------------------------------------------------------

--
-- Table structure for table `bangluong`
--

CREATE TABLE `bangluong` (
  `MaLuong` int(11) NOT NULL,
  `SoTien` int(10) NOT NULL,
  `TenLuong` varchar(100) NOT NULL
) ENGINE=InnoDB DEFAULT CHARSET=utf8 COLLATE=utf8_general_ci;

--
-- Dumping data for table `bangluong`
--

INSERT INTO `bangluong` (`MaLuong`, `SoTien`, `TenLuong`) VALUES
(1, 15000, 'Tiền lương giáo viên lớp cao cấp/em/buổi'),
(2, 20000, 'Tiền lương giáo viên lớp thường/em/buổi'),
(3, 5000000, 'Lương kế toán'),
(4, 5000000, 'Lương nhân viên tư vấn'),
(5, 8000000, 'Lương nhân viên quản lí chung');

-- --------------------------------------------------------

--
-- Table structure for table `cauhoitn`
--

CREATE TABLE `cauhoitn` (
  `MaCHTN` int(11) NOT NULL,
  `DapAn` varchar(500) NOT NULL,
  `SoDiem` float NOT NULL,
  `MaKT` int(11) NOT NULL
) ENGINE=InnoDB DEFAULT CHARSET=utf8 COLLATE=utf8_general_ci;

--
-- Dumping data for table `cauhoitn`
--

INSERT INTO `cauhoitn` (`MaCHTN`, `DapAn`, `SoDiem`, `MaKT`) VALUES
(1, 'A', 1, 29),
(2, 'A', 1, 29),
(5, 'A', 1, 29),
(7, 'A', 1, 29),
(8, 'A', 2, 29),
(9, 'A', 2, 29),
(10, 'A', 2, 29),
(11, 'A', 2, 29),
(20, 'A', 5, 39),
(21, 'A', 5, 39),
(22, 'A', 5, 40),
(23, 'A', 5, 40),
(24, 'A', 5, 41),
(25, 'A', 5, 41),
(28, 'A', 5, 44),
(29, 'A', 1, 44),
(30, 'A', 2, 44),
(31, 'A', 1, 44),
(32, 'A', 1, 44);

-- --------------------------------------------------------

--
-- Table structure for table `ctkiemtra`
--

CREATE TABLE `ctkiemtra` (
  `MaKT` int(11) NOT NULL,
  `MaLopHoc` int(11) NOT NULL,
  `TimeBD` datetime NOT NULL,
  `TimeKT` datetime NOT NULL
) ENGINE=InnoDB DEFAULT CHARSET=utf8 COLLATE=utf8_general_ci;

--
-- Dumping data for table `ctkiemtra`
--

INSERT INTO `ctkiemtra` (`MaKT`, `MaLopHoc`, `TimeBD`, `TimeKT`) VALUES
(40, 38, '2023-05-07 13:35:00', '2023-05-19 12:35:00'),
(41, 38, '2023-05-05 16:54:00', '2023-06-01 16:54:00'),
(42, 38, '2023-03-01 17:17:28', '2023-04-01 17:17:28'),
(44, 38, '2023-05-01 17:21:00', '2023-06-01 17:21:00'),
(45, 39, '2023-05-11 17:56:00', '2023-06-02 17:56:00');

-- --------------------------------------------------------

--
-- Table structure for table `ctlichhoc`
--

CREATE TABLE `ctlichhoc` (
  `MaLopHoc` int(11) NOT NULL,
  `MaThu` int(11) NOT NULL,
  `MaTiet` int(11) NOT NULL,
  `TrangThaiLich` int(11) NOT NULL
) ENGINE=InnoDB DEFAULT CHARSET=utf8 COLLATE=utf8_general_ci;

--
-- Dumping data for table `ctlichhoc`
--

INSERT INTO `ctlichhoc` (`MaLopHoc`, `MaThu`, `MaTiet`, `TrangThaiLich`) VALUES
(38, 1, 5, 1),
(38, 2, 5, 1),
(39, 3, 5, 1),
(39, 4, 5, 1),
(40, 1, 5, 1),
(40, 3, 5, 1),
(41, 4, 5, 1),
(41, 7, 5, 1),
(42, 1, 4, 1),
(42, 3, 4, 1),
(42, 5, 4, 1),
(43, 1, 5, 1),
(43, 3, 5, 1),
(44, 1, 2, 1),
(44, 3, 2, 1),
(44, 5, 2, 1),
(45, 2, 1, 1),
(45, 3, 2, 1),
(46, 2, 5, 1),
(46, 3, 4, 1);

-- --------------------------------------------------------

--
-- Table structure for table `ctlophoc`
--

CREATE TABLE `ctlophoc` (
  `MaLopHoc` int(11) NOT NULL,
  `MaHocSinh` int(11) NOT NULL
) ENGINE=InnoDB DEFAULT CHARSET=utf8 COLLATE=utf8_general_ci;

--
-- Dumping data for table `ctlophoc`
--

INSERT INTO `ctlophoc` (`MaLopHoc`, `MaHocSinh`) VALUES
(38, 1),
(38, 2),
(38, 3),
(38, 5),
(38, 7),
(38, 8),
(38, 9),
(38, 15),
(38, 17),
(38, 18),
(38, 19),
(38, 20),
(38, 21),
(38, 22),
(38, 23),
(38, 29),
(38, 30),
(38, 33),
(38, 34),
(38, 35),
(39, 1),
(39, 2),
(39, 3),
(39, 4),
(39, 6),
(39, 7),
(39, 8),
(39, 9),
(39, 15),
(39, 16),
(39, 17),
(39, 19),
(39, 21),
(39, 22),
(39, 30),
(39, 33),
(39, 34),
(39, 35),
(40, 14),
(40, 36),
(40, 37),
(41, 14),
(41, 25),
(41, 27),
(42, 1),
(42, 2),
(42, 3),
(42, 5),
(42, 6),
(42, 7),
(42, 9),
(42, 11),
(42, 14),
(42, 15),
(42, 16),
(42, 17),
(42, 21),
(42, 24),
(42, 30),
(42, 33),
(42, 34),
(42, 35),
(44, 1),
(44, 2),
(44, 3),
(44, 4),
(44, 5),
(44, 6),
(44, 7),
(44, 9),
(44, 10),
(44, 15),
(44, 20),
(44, 21),
(44, 22),
(44, 23),
(44, 24),
(44, 25),
(44, 34),
(44, 35),
(44, 36),
(46, 4),
(46, 12),
(46, 13),
(46, 25),
(46, 26),
(46, 27),
(46, 28),
(46, 31),
(46, 32),
(46, 37),
(46, 38),
(46, 39),
(46, 40),
(46, 41),
(46, 42),
(46, 43),
(46, 44),
(46, 45);

-- --------------------------------------------------------

--
-- Table structure for table `dekiemtra`
--

CREATE TABLE `dekiemtra` (
  `MaKT` int(11) NOT NULL,
  `Time` int(50) NOT NULL,
  `TieuDe` varchar(1000) NOT NULL,
  `FileDe` varchar(100) NOT NULL,
  `MaGV` int(11) NOT NULL
) ENGINE=InnoDB DEFAULT CHARSET=utf8 COLLATE=utf8_general_ci;

--
-- Dumping data for table `dekiemtra`
--

INSERT INTO `dekiemtra` (`MaKT`, `Time`, `TieuDe`, `FileDe`, `MaGV`) VALUES
(29, 90, 'Testing Trắc Nghiệm', 'DeThi1.pdf', 1),
(39, 60, 'Thông báo thi thử111', 'DeThi1.pdf', 1),
(40, 60, 'Bài kiểm tra số 1 (Đã hoàn thành)', 'DeThi1.pdf', 1),
(41, 1, 'Bài kiểm tra số 2 (Testing 1 phút)', 'DeThi1.pdf', 1),
(42, 90, 'Bài kiếm tra số 3 (Hết thời gian kiểm tra)', 'DeThi1.pdf', 1),
(44, 60, 'Bài kiểm tra số 4 (Bắt đầu làm bài)', 'DeThi1.pdf', 1),
(45, 120, 'Thi thử văn lần 1', '1684148205phân tích yêu cầu.docx', 3);

-- --------------------------------------------------------

--
-- Table structure for table `giaovien`
--

CREATE TABLE `giaovien` (
  `MaGV` int(11) NOT NULL,
  `TenGV` varchar(100) NOT NULL,
  `DiaChi` varchar(100) NOT NULL,
  `NgaySinh` date NOT NULL,
  `GioiTinh` varchar(10) NOT NULL,
  `SDT` varchar(11) NOT NULL,
  `Email` varchar(100) NOT NULL,
  `HinhAnh` varchar(100) NOT NULL,
  `status` int(11) NOT NULL,
  `TenDN` varchar(100) NOT NULL,
  `MaMonHoc` int(11) NOT NULL
) ENGINE=InnoDB DEFAULT CHARSET=utf8 COLLATE=utf8_general_ci;

--
-- Dumping data for table `giaovien`
--

INSERT INTO `giaovien` (`MaGV`, `TenGV`, `DiaChi`, `NgaySinh`, `GioiTinh`, `SDT`, `Email`, `HinhAnh`, `status`, `TenDN`, `MaMonHoc`) VALUES
(1, 'Nguyễn Văn Bính', '357 Lê Hồng Phong Q.10', '2001-08-01', 'Nam', '0123456', 'NguyenVanBinh@gmail.com', 'avatar5.png', 1, 'GV1', 1),
(2, 'Minh Ánh', 'Hoàng Văn Thụ', '1994-08-07', 'Nữ', '0354684652', 'MinhAnh@gmail.com', 'avatar2.png', 0, 'GV2', 7),
(3, 'Ngọc Mai', 'Hoàng Diệu', '2001-07-17', 'Nữ', '032135465', 'NgocMai@gmail.com', 'avatar2.png', 0, 'GV3', 2),
(6, 'Gia Hân', 'Hữu Nghị', '1994-10-08', 'Nữ', '023556952', 'GiaHan@gmail.com', 'avatar2.png', 0, 'GV6', 3),
(8, 'Nguyễn Minh Châu', 'Đường số 2 Phường 3 Thủ Đức', '2000-10-18', 'Nữ', '032165468', 'NguyenMinhChau@gmail.com', 'avatar2.png', 0, 'GV8', 1),
(9, 'Ngô Nhật Hồng', 'An Giang', '1993-01-12', 'Nữ', '02316546', 'NgoNhatHong@gmail.com', 'avatar2.png', 0, 'GV9', 2),
(10, 'Phan Trường Giang', 'Bạc Liêu', '1996-05-12', 'Nam', '032165468', 'PhanTruongGiang@gmail.com', 'avatar5.png', 0, 'GV10', 3),
(11, 'Bùi Phước Sơn', 'Bà Rịa – Vũng Tàu', '1989-05-31', 'Nam', '03165468', 'BuiPhuocSon@gmail.com', 'avatar5.png', 0, 'GV11', 6),
(12, 'Lý Xuân Nam', 'Bạc Liêu', '2001-11-23', 'Nam', '0231546', 'LyXuanNam@gmail.com', 'avatar5.png', 0, 'GV12', 7),
(13, 'Huỳnh Minh Tâm', 'An Giang', '1996-06-12', 'Nữ', '02574152574', 'QuynhMinhTam@gmail.com', 'avatar2.png', 0, 'GV13', 8),
(14, 'Nguyễn Công Đức', 'Bình Thuận', '1994-11-18', 'Nam', '02589561', 'NguyenCongDuc@gmail.com', 'avatar5.png', 0, 'GV14', 8),
(15, 'Ngô Hoàng Duy', 'Cao Bằng', '1996-02-07', 'Nam', '03598856', 'NgoHoangDuy@gmail.com', 'avatar5.png', 0, 'GV15', 1),
(16, 'Đào Nguyễn Minh Lộc', 'Kiên Giang', '1997-06-12', 'Nam', '0265748645', 'DaoNguyenMinhLoc@gmail.com', 'avatar4.png', 0, 'GV16', 1),
(17, 'Nguyễn Hoàng Thuận', 'Bạc Liêu', '1996-11-22', 'Nam', '0265748645', 'NguyenHoangThuan@gmail.com', 'avatar5.png', 0, 'GV17', 2);

-- --------------------------------------------------------

--
-- Table structure for table `hoadongv`
--

CREATE TABLE `hoadongv` (
  `MaHoaDon` int(11) NOT NULL,
  `NgayTT` date NOT NULL,
  `SoTien` varchar(10) DEFAULT NULL,
  `TrangThaiHoaDon` int(11) NOT NULL,
  `MaGV` int(11) NOT NULL
) ENGINE=InnoDB DEFAULT CHARSET=utf8 COLLATE=utf8_general_ci;

--
-- Dumping data for table `hoadongv`
--

INSERT INTO `hoadongv` (`MaHoaDon`, `NgayTT`, `SoTien`, `TrangThaiHoaDon`, `MaGV`) VALUES
(49, '2023-03-05', '', 0, 1),
(50, '2023-03-01', '2000000', 1, 2);

-- --------------------------------------------------------

--
-- Table structure for table `hoadonhs`
--

CREATE TABLE `hoadonhs` (
  `MaHoaDon` int(11) NOT NULL,
  `NgayTT` date NOT NULL,
  `SoTien` int(10) NOT NULL,
  `TrangThaiHoaDon` int(11) NOT NULL,
  `MaHS` int(11) NOT NULL,
  `MaLopHoc` int(11) NOT NULL
) ENGINE=InnoDB DEFAULT CHARSET=utf8 COLLATE=utf8_general_ci;

--
-- Dumping data for table `hoadonhs`
--

INSERT INTO `hoadonhs` (`MaHoaDon`, `NgayTT`, `SoTien`, `TrangThaiHoaDon`, `MaHS`, `MaLopHoc`) VALUES
(287, '2023-05-08', 500000, 1, 1, 38),
(288, '2023-05-08', 500000, 0, 2, 38),
(289, '2023-05-08', 500000, 0, 15, 38),
(290, '2023-05-08', 500000, 0, 35, 38),
(291, '2023-05-08', 500000, 0, 3, 38),
(292, '2023-05-08', 500000, 0, 17, 38),
(293, '2023-05-08', 500000, 0, 30, 38),
(294, '2023-05-08', 500000, 0, 5, 38),
(295, '2023-05-08', 500000, 0, 19, 38),
(296, '2023-05-08', 500000, 0, 33, 38),
(297, '2023-05-08', 500000, 0, 18, 38),
(298, '2023-05-08', 500000, 0, 34, 38),
(299, '2023-05-08', 500000, 0, 7, 38),
(300, '2023-05-08', 500000, 0, 9, 38),
(301, '2023-05-08', 500000, 0, 21, 38),
(302, '2023-05-08', 500000, 0, 22, 38),
(303, '2023-05-08', 500000, 0, 8, 38),
(304, '2023-05-08', 500000, 0, 23, 38),
(305, '2023-05-08', 500000, 0, 29, 38),
(306, '2023-05-08', 500000, 0, 20, 38),
(307, '2023-05-08', 500000, 0, 2, 38),
(308, '2022-10-01', 4500000, 1, 2, 38),
(309, '2022-10-01', 4500000, 1, 35, 38),
(310, '2022-10-01', 4500000, 1, 15, 38),
(311, '2022-10-01', 4500000, 1, 3, 38),
(312, '2022-10-01', 4500000, 1, 1, 38),
(313, '2022-10-01', 4500000, 1, 17, 38),
(314, '2022-10-01', 4500000, 1, 30, 38),
(315, '2022-10-01', 4500000, 1, 5, 38),
(316, '2022-10-01', 4500000, 1, 18, 38),
(317, '2022-10-01', 4500000, 1, 33, 38),
(318, '2022-10-01', 4500000, 1, 34, 38),
(319, '2022-10-01', 4500000, 1, 19, 38),
(320, '2022-10-01', 4500000, 1, 7, 38),
(321, '2022-10-01', 4500000, 1, 9, 38),
(322, '2022-10-01', 4500000, 1, 21, 38),
(323, '2022-10-01', 4500000, 1, 22, 38),
(324, '2022-10-01', 4500000, 1, 8, 38),
(325, '2022-10-01', 4500000, 1, 23, 38),
(326, '2022-10-01', 4500000, 1, 29, 38),
(327, '2022-10-01', 4500000, 1, 20, 38),
(328, '2023-05-08', 500000, 0, 2, 39),
(329, '2023-05-08', 500000, 1, 1, 39),
(330, '2023-05-08', 500000, 0, 3, 39),
(331, '2023-05-08', 500000, 0, 35, 39),
(332, '2023-05-08', 500000, 0, 4, 39),
(333, '2023-05-08', 500000, 0, 16, 39),
(334, '2023-05-08', 500000, 0, 17, 39),
(335, '2023-05-08', 500000, 0, 30, 39),
(336, '2023-05-08', 500000, 0, 15, 39),
(337, '2023-05-08', 500000, 0, 7, 39),
(338, '2023-05-08', 500000, 0, 6, 39),
(339, '2023-05-08', 500000, 0, 19, 39),
(340, '2023-05-08', 500000, 0, 33, 39),
(341, '2023-05-08', 500000, 0, 34, 39),
(342, '2023-05-08', 500000, 0, 9, 39),
(343, '2023-05-08', 500000, 0, 21, 39),
(344, '2023-05-08', 500000, 0, 22, 39),
(345, '2023-05-08', 500000, 0, 8, 39),
(346, '2023-02-01', 3700000, 0, 15, 39),
(347, '2023-02-01', 3700000, 1, 2, 39),
(348, '2023-02-01', 3700000, 1, 35, 39),
(349, '2023-02-01', 3700000, 1, 16, 39),
(350, '2023-02-01', 3700000, 1, 4, 39),
(351, '2023-02-01', 3700000, 1, 3, 39),
(352, '2023-02-01', 3700000, 1, 1, 39),
(353, '2023-02-01', 3700000, 1, 17, 39),
(354, '2023-02-01', 3700000, 1, 30, 39),
(355, '2023-02-01', 3700000, 1, 6, 39),
(356, '2023-02-01', 3700000, 1, 34, 39),
(357, '2023-02-01', 3700000, 1, 19, 39),
(358, '2023-02-01', 3700000, 1, 33, 39),
(359, '2023-02-01', 3700000, 1, 7, 39),
(360, '2023-02-01', 3700000, 1, 9, 39),
(361, '2023-02-01', 3700000, 1, 21, 39),
(362, '2023-02-01', 3700000, 1, 22, 39),
(363, '2023-02-01', 3700000, 1, 8, 39),
(364, '2023-05-08', 500000, 0, 14, 41),
(365, '2023-05-08', 500000, 0, 25, 41),
(366, '2023-05-08', 500000, 0, 27, 41),
(367, '2023-05-08', 500000, 0, 1, 42),
(368, '2023-05-08', 500000, 0, 15, 42),
(369, '2023-05-08', 500000, 0, 4, 42),
(370, '2023-05-08', 500000, 0, 16, 42),
(371, '2023-05-08', 500000, 0, 3, 42),
(372, '2023-05-08', 500000, 0, 17, 42),
(373, '2023-05-08', 500000, 0, 30, 42),
(374, '2023-05-08', 500000, 0, 5, 42),
(375, '2023-05-08', 500000, 0, 6, 42),
(376, '2023-05-08', 500000, 0, 35, 42),
(377, '2023-05-08', 500000, 0, 2, 42),
(378, '2023-05-08', 500000, 0, 9, 42),
(379, '2023-05-08', 500000, 0, 21, 42),
(380, '2023-05-08', 500000, 0, 34, 42),
(381, '2023-05-08', 500000, 0, 7, 42),
(382, '2023-05-08', 500000, 0, 33, 42),
(383, '2023-05-08', 500000, 0, 14, 42),
(384, '2023-05-08', 500000, 0, 24, 42),
(385, '2023-05-08', 500000, 0, 11, 42),
(386, '2023-05-08', 500000, 0, 36, 40),
(387, '2023-05-08', 500000, 0, 37, 40),
(388, '2023-05-09', 500000, 0, 24, 44),
(389, '2023-05-09', 500000, 0, 20, 44),
(390, '2023-05-09', 500000, 0, 25, 44),
(391, '2023-05-09', 500000, 0, 1, 44),
(392, '2023-05-09', 500000, 0, 35, 44),
(393, '2023-05-09', 500000, 0, 3, 44),
(394, '2023-05-09', 500000, 0, 9, 44),
(395, '2023-05-09', 500000, 0, 5, 44),
(396, '2023-05-09', 500000, 0, 21, 44),
(397, '2023-05-09', 500000, 0, 10, 44),
(398, '2023-05-09', 500000, 0, 2, 44),
(399, '2023-05-09', 500000, 0, 15, 44),
(400, '2023-05-09', 500000, 0, 4, 44),
(401, '2023-05-09', 500000, 0, 6, 44),
(402, '2023-05-09', 500000, 0, 36, 44),
(403, '2023-05-09', 500000, 0, 34, 44),
(404, '2023-05-09', 500000, 0, 37, 44),
(405, '2023-05-09', 500000, 0, 7, 44),
(406, '2023-05-09', 500000, 0, 22, 44),
(407, '2023-05-09', 500000, 0, 23, 44),
(408, '2023-07-01', 600000, 0, 2, 44),
(409, '2023-07-01', 600000, 0, 35, 44),
(410, '2023-07-01', 600000, 0, 15, 44),
(411, '2023-07-01', 600000, 0, 4, 44),
(412, '2023-07-01', 600000, 0, 3, 44),
(413, '2023-07-01', 600000, 0, 1, 44),
(414, '2023-07-01', 600000, 0, 5, 44),
(415, '2023-07-01', 600000, 0, 6, 44),
(416, '2023-07-01', 600000, 0, 34, 44),
(417, '2023-07-01', 600000, 0, 7, 44),
(418, '2023-07-01', 600000, 0, 9, 44),
(419, '2023-07-01', 600000, 0, 21, 44),
(420, '2023-07-01', 600000, 0, 22, 44),
(421, '2023-07-01', 600000, 0, 23, 44),
(422, '2023-07-01', 600000, 0, 24, 44),
(423, '2023-07-01', 600000, 0, 10, 44),
(424, '2023-07-01', 600000, 0, 20, 44),
(425, '2023-07-01', 600000, 0, 36, 44),
(426, '2023-07-01', 600000, 0, 25, 44),
(427, '2023-05-10', 500000, 0, 14, 40),
(428, '2023-05-10', 500000, 0, 37, 46),
(429, '2023-05-10', 500000, 0, 4, 46),
(430, '2023-05-10', 500000, 0, 38, 46),
(431, '2023-05-10', 500000, 0, 39, 46),
(432, '2023-05-10', 500000, 0, 40, 46),
(433, '2023-05-10', 500000, 0, 41, 46),
(434, '2023-05-10', 500000, 0, 42, 46),
(435, '2023-05-10', 500000, 0, 43, 46),
(436, '2023-05-10', 500000, 0, 25, 46),
(437, '2023-05-10', 500000, 0, 27, 46),
(438, '2023-05-10', 500000, 0, 13, 46),
(439, '2023-05-10', 500000, 0, 32, 46),
(440, '2023-05-10', 500000, 0, 28, 46),
(441, '2023-05-10', 500000, 0, 12, 46),
(442, '2023-05-10', 500000, 0, 31, 46),
(443, '2023-05-10', 500000, 0, 26, 46),
(444, '2023-05-10', 500000, 0, 44, 46),
(445, '2023-05-10', 500000, 0, 45, 46);

-- --------------------------------------------------------

--
-- Table structure for table `hoadonql`
--

CREATE TABLE `hoadonql` (
  `MaHoaDon` int(11) NOT NULL,
  `NgayTT` date NOT NULL,
  `SoTien` varchar(11) NOT NULL,
  `TrangThaiHoaDon` int(11) NOT NULL,
  `MaQL` int(11) NOT NULL
) ENGINE=InnoDB DEFAULT CHARSET=utf8 COLLATE=utf8_general_ci;

--
-- Dumping data for table `hoadonql`
--

INSERT INTO `hoadonql` (`MaHoaDon`, `NgayTT`, `SoTien`, `TrangThaiHoaDon`, `MaQL`) VALUES
(9, '2023-04-05', '5000000', 1, 3),
(10, '2023-04-01', '5000000', 0, 4),
(11, '2023-04-05', '8000000', 0, 1);

-- --------------------------------------------------------

--
-- Table structure for table `hocsinh`
--

CREATE TABLE `hocsinh` (
  `MaHS` int(11) NOT NULL,
  `TenHS` varchar(100) NOT NULL,
  `NgaySinh` date NOT NULL,
  `DiaChi` varchar(100) NOT NULL,
  `GioiTinh` varchar(10) NOT NULL,
  `SDT` varchar(12) NOT NULL,
  `Email` varchar(100) NOT NULL,
  `HinhAnh` varchar(100) NOT NULL,
  `status` int(11) NOT NULL,
  `TenDN` varchar(100) NOT NULL
) ENGINE=InnoDB DEFAULT CHARSET=utf8 COLLATE=utf8_general_ci;

--
-- Dumping data for table `hocsinh`
--

INSERT INTO `hocsinh` (`MaHS`, `TenHS`, `NgaySinh`, `DiaChi`, `GioiTinh`, `SDT`, `Email`, `HinhAnh`, `status`, `TenDN`) VALUES
(1, 'Nguyễn Văn Chí', '2016-08-09', '40 Dân Chủ p.Bình Thọ TP.Thủ Đức', 'Nam', '03516465', 'NguyenVanChi@gmail.com', 'avatar5.png', 1, 'HS1'),
(2, 'Tú Anh', '2005-02-03', 'Đường số 30 GV', 'Nam', '023165468', 'TuAnh@gmail.com', 'avatar5.png', 0, 'HS2'),
(3, 'Đức Bình', '2005-08-16', ' Lê Quang Định GV HCM', 'Nam', '02316548', 'DucBinh@gmail.com', 'avatar5.png', 0, 'HS3'),
(4, 'Ngọc Băng', '2005-12-30', 'Bình Thuận', 'Nữ', '023165489', 'NgocBang@gmail.com', 'avatar3.png', 0, 'HS4'),
(5, 'Đinh Chương', '2005-11-15', 'An Giang', 'Nam', '031646846', 'DinhChuong@gmail.com', 'avatar5.png', 0, 'HS5'),
(6, 'Quốc Dũng', '2005-05-06', 'Bà Rịa – Vũng Tàu', 'Nam', '03216546', 'QuocDung@gmail.com', 'avatar5.png', 0, 'HS6'),
(7, 'Mạnh Hùng', '2005-05-26', 'Bạc Liêu', 'Nam', '0321654456', 'ManhHung@gmail.com', 'avatar5.png', 0, 'HS7'),
(8, 'Gia Long', '2005-08-20', 'Thanh Hóa', 'Nam', '03216548856', 'GiaLong@gmail.com', 'avatar5.png', 0, 'HS8'),
(9, 'Duy Khánh', '2005-08-01', 'Bắc Giang', 'Nam', '032165423', 'DuyKhach@gmail.com', 'avatar5.png', 0, 'HS9'),
(10, 'Trọng Nhân', '2005-09-04', 'Bắc Kạn', 'Nam', '032165485', 'TrongNhan@gmail.com', 'avatar5.png', 0, 'HS10'),
(11, 'Thành Phương', '2005-05-21', 'Bắc Ninh', 'Nam', '0321354', 'ThanhPhuong@gmail.com', 'avatar5.png', 0, 'HS11'),
(12, 'Lương Quyền', '2005-10-03', 'Bến Tre', 'Nam', '031654685', 'LuongQuyen@gmail.com', 'avatar5.png', 0, 'HS12'),
(13, 'Phúc Thịnh', '2005-12-30', 'Bình Dương', 'Nam', '0321564856', 'PhucThinh@gmail.com', 'avatar5.png', 0, 'HS13'),
(14, 'Nhật Vinh', '2005-09-26', 'Bình Định', 'Nam', '068787645', 'NhatVinh@gmail.com', 'avatar5.png', 0, 'HS14'),
(15, 'Quỳnh Anh', '2005-06-22', 'Bình Phước', 'Nữ', '098456231', 'QuynhAnh@gmail.com', 'avatar3.png', 0, 'HS15'),
(16, 'Khánh Bằng', '2005-05-19', 'Cà Mau', 'Nữ', '032164856', 'KhanhBang@gmail.com', 'avatar3.png', 0, 'HS16'),
(17, 'Thanh Chi', '2005-08-06', 'Cao Bằng', 'Nữ', '0316454865', 'ThanhChi@gmail.com', 'avatar3.png', 0, 'HS17'),
(18, 'Thanh Dung', '2005-08-23', 'Cần Thơ', 'Nữ', '032165452', 'ThanhDung@gmail.com', 'avatar3.png', 0, 'HS18'),
(19, 'Xuân Hoa', '2005-04-16', 'Đà Nẵng', 'Nữ', '09874865123', 'XuanHoa@gmail.com', 'avatar3.png', 0, 'HS19'),
(20, 'Hiền Nhi', '2005-06-22', 'Đắk Lắk', 'Nữ', '0846532465', 'HienNhi@gmail.com', 'avatar3.png', 0, 'HS20'),
(21, 'Thục Khuê', '2005-06-15', 'Đắk Nông', 'Nữ', '.0989465', 'ThucKhue@gmail.com', 'avatar3.png', 0, 'HS21'),
(22, 'Linh Lan', '2005-09-19', 'Điện Biên', 'Nữ', '032164586', 'LinhLan@gmail.com', 'avatar3.png', 0, 'HS22'),
(23, 'Chiêu Minh', '2005-09-09', 'Đồng Nai', 'Nữ', '054695', 'ChieuMinh@gmail.com', 'avatar3.png', 0, 'HS23'),
(24, 'Ngọc Ngà', '2005-11-01', 'Đồng Tháp', 'Nữ', '03156498', 'NgocNga@gmail.com', 'avatar3.png', 0, 'HS24'),
(25, 'Ánh Tuyết', '2005-08-18', 'Gia Lai', 'Nữ', '033616552', 'AnhTuyet@gmail.com', 'avatar3.png', 0, 'HS25'),
(26, 'Anh Phương', '2005-02-12', 'Hà Giang', 'Nữ', '032165465', 'AnhPhuong@gmail.com', 'avatar3.png', 0, 'HS26'),
(27, 'Đặng Mạnh Tường', '2005-04-01', 'Hòa Bình', 'Nam', '0316548965', 'DangManhTuong@gmail.com', 'avatar5.png', 0, 'HS27'),
(28, 'Đặng Hoàng Thái', '2005-04-05', ' Lê Quang Định GV HCM', 'Nam', '0354168452', 'DangHoangThai@gmail.com', 'avatar5.png', 0, 'HS28'),
(29, 'Tú Minh', '2005-03-02', 'Bà Rịa – Vũng Tàu', 'Nam', '03216879', 'TuMinh@gmail.com', 'avatar5.png', 0, 'HS29'),
(30, 'Đinh Chư', '2005-12-05', 'Đường số 30 GV', 'Nam', '0316585', 'DinhChu@gmail.com', 'avatar5.png', 0, 'HS30'),
(31, 'Phạm Hoàng Quân', '2004-03-15', 'Lạng Sơn', 'Nam', '06548965', 'PhamHoangQuan@gmail.com', 'avatar5.png', 0, 'HS31'),
(32, 'Đỗ Thiện Thanh', '2002-02-12', 'Lào Cai', 'Nam', '06846532', 'DoThienThanh@gmail.com', 'avatar5.png', 0, 'HS32'),
(33, 'Minh Hoa', '2005-06-08', 'Đường số 30 GV', 'Nữ', '04655456', 'MinhHoa@gmail.com', 'avatar3.png', 0, 'HS33'),
(34, 'Minh An', '2005-06-08', 'Đường số 30 GV', 'Nữ', '0456231', 'MinhAn@gmail.com', 'avatar3.png', 0, 'HS34'),
(35, 'Trương Minh Ánh', '2023-05-03', 'Bạc Liêu', 'Nữ', '06549865', 'TruongMinhAnh@gmail.com', 'avatar2.png', 0, 'HS35'),
(36, 'Vũ Phạm Thanh Phú', '2005-05-02', 'Vĩnh Phúc', 'Nam', '06549865', 'VuPhamThanhPhu@gmail.com', 'avatar5.png', 0, 'HS36'),
(37, 'Lê Hạ Hoàng', '2005-12-12', 'Khánh Hòa', 'Nữ', '06549865', 'LeHaHoang@gmail.com', 'avatar2.png', 0, 'HS37'),
(38, 'Nguyễn Đoàn Thiên Thương', '2005-05-06', 'An Giang', 'Nữ', '068452385', 'NguyenDoanThienHuong@gmail.com', 'avatar2.png', 0, 'HS38'),
(39, 'Hoàng Hữu Thành', '2005-12-30', 'Kiên Giang', 'Nam', '064513285', 'HoangHuuThanh@gmail.com', 'avatar4.png', 0, 'HS39'),
(40, 'Nguyễn Thị Xuyến', '2005-08-09', 'Bạc Liêu', 'Nữ', '0846525', 'NguyenThiXuyen@gmail.com', 'avatar3.png', 0, 'HS40'),
(41, 'Lê Lý Hậu', '2005-06-23', 'Trà Vinh', 'Nam', '08465132', 'LeLyHau@gmail.com', 'avatar5.png', 0, 'HS41'),
(42, 'Nguyễn Hữu Khôi', '2005-02-28', 'Quy Nhơn', 'Nam', '0987465', 'NguyenHuuKhoi@gmail.com', 'avatar4.png', 0, 'HS42'),
(43, 'Đổ Thị Bé Ngọc', '2005-09-21', 'Yên Bái', 'Nữ', '06451584', 'DoThiBeNgoc', 'avatar2.png', 0, 'HS43'),
(44, 'Đổ Thị Bé Ngọc', '2005-05-15', 'Bình Thuận', 'Nữ', '0145628965', 'DoThiBeNgoc@gmail.com', 'avatar2.png', 0, 'HS44'),
(45, 'Nguyễn Thị Tuyết Nga', '2005-09-06', 'An Giang', 'Nữ', '0456214563', 'NguyenThiTuyetNga@gmail.com', 'avatar3.png', 0, 'HS45');

-- --------------------------------------------------------

--
-- Table structure for table `lichhocvsgiangday`
--

CREATE TABLE `lichhocvsgiangday` (
  `MaLich` int(11) NOT NULL,
  `MaLopHoc` int(11) NOT NULL,
  `GVTrucTiep` int(11) NOT NULL,
  `Ngay` date NOT NULL,
  `Tiet` int(11) NOT NULL,
  `Thu` int(11) NOT NULL,
  `Id` varchar(20) DEFAULT NULL,
  `Pass` varchar(10) DEFAULT NULL,
  `GhiChu` varchar(500) DEFAULT NULL,
  `TrangThaiBuoiHoc` int(11) NOT NULL
) ENGINE=InnoDB DEFAULT CHARSET=utf8 COLLATE=utf8_general_ci;

--
-- Dumping data for table `lichhocvsgiangday`
--

INSERT INTO `lichhocvsgiangday` (`MaLich`, `MaLopHoc`, `GVTrucTiep`, `Ngay`, `Tiet`, `Thu`, `Id`, `Pass`, `GhiChu`, `TrangThaiBuoiHoc`) VALUES
(1408, 38, 1, '2022-09-05', 5, 1, '123-445-999', '999999', NULL, 1),
(1409, 38, 1, '2022-09-12', 5, 1, '123-445-999', '999999', NULL, 1),
(1410, 38, 1, '2022-09-19', 5, 1, '123-445-999', '999999', NULL, 1),
(1411, 38, 1, '2022-09-26', 5, 1, '123-445-999', '999999', NULL, 1),
(1412, 38, 1, '2022-10-03', 5, 1, '123-445-999', '999999', NULL, 1),
(1413, 38, 1, '2022-10-10', 5, 1, '123-445-999', '999999', NULL, 1),
(1414, 38, 1, '2022-10-17', 5, 1, '123-445-999', '999999', NULL, 1),
(1415, 38, 1, '2022-10-24', 5, 1, '123-445-999', '999999', NULL, 1),
(1416, 38, 1, '2022-10-31', 5, 1, '123-445-999', '999999', NULL, 1),
(1417, 38, 1, '2022-11-07', 5, 1, '123-445-999', '999999', NULL, 1),
(1418, 38, 1, '2022-11-14', 5, 1, '123-445-999', '999999', NULL, 1),
(1419, 38, 1, '2022-11-21', 5, 1, '123-445-999', '999999', NULL, 1),
(1420, 38, 1, '2022-11-28', 5, 1, '123-445-999', '999999', NULL, 1),
(1421, 38, 1, '2022-12-05', 5, 1, '123-445-999', '999999', NULL, 1),
(1422, 38, 1, '2022-12-12', 5, 1, '123-445-999', '999999', NULL, 1),
(1423, 38, 1, '2022-12-19', 5, 1, '123-445-999', '999999', NULL, 1),
(1424, 38, 1, '2022-12-26', 5, 1, '123-445-999', '999999', NULL, 1),
(1425, 38, 1, '2023-01-02', 5, 1, '123-445-999', '999999', NULL, 1),
(1426, 38, 1, '2023-01-09', 5, 1, '123-445-999', '999999', NULL, 1),
(1427, 38, 1, '2023-01-16', 5, 1, '123-445-999', '999999', NULL, 1),
(1428, 38, 1, '2023-01-23', 5, 1, '123-445-999', '999999', NULL, 1),
(1429, 38, 1, '2023-01-30', 5, 1, '123-445-999', '999999', NULL, 1),
(1430, 38, 1, '2023-02-06', 5, 1, '123-445-999', '999999', NULL, 1),
(1431, 38, 1, '2023-02-13', 5, 1, '123-445-999', '999999', NULL, 1),
(1432, 38, 1, '2023-02-20', 5, 1, '123-445-999', '999999', NULL, 1),
(1433, 38, 1, '2023-02-27', 5, 1, '123-445-999', '999999', NULL, 1),
(1434, 38, 1, '2023-03-06', 5, 1, '123-445-999', '999999', NULL, 1),
(1435, 38, 1, '2023-03-13', 5, 1, '123-445-999', '999999', NULL, 1),
(1436, 38, 1, '2023-03-20', 5, 1, '123-445-999', '999999', NULL, 1),
(1437, 38, 1, '2023-03-27', 5, 1, '123-445-999', '999999', NULL, 1),
(1438, 38, 1, '2023-04-03', 5, 1, '123-445-999', '999999', NULL, 1),
(1439, 38, 1, '2023-04-10', 5, 1, '123-445-999', '999999', NULL, 1),
(1440, 38, 1, '2023-04-17', 5, 1, '123-445-999', '999999', NULL, 1),
(1441, 38, 1, '2023-04-24', 5, 1, '123-445-999', '999999', NULL, 1),
(1442, 38, 1, '2023-05-01', 5, 1, '123-445-999', '999999', NULL, 1),
(1443, 38, 1, '2023-05-08', 5, 1, '123-445-999', '999999', NULL, 1),
(1444, 38, 1, '2023-05-15', 5, 1, '123-445-999', '999999', NULL, 1),
(1445, 38, 1, '2023-05-22', 5, 1, '123-445-999', '999999', NULL, 1),
(1446, 38, 1, '2023-05-29', 5, 1, '123-445-999', '999999', NULL, 1),
(1447, 38, 1, '2023-06-05', 5, 1, '123-445-999', '999999', NULL, 1),
(1448, 38, 1, '2023-06-12', 5, 1, '123-445-999', '999999', NULL, 1),
(1449, 38, 1, '2023-06-19', 5, 1, '123-445-999', '999999', NULL, 1),
(1450, 38, 1, '2022-09-06', 5, 2, '123-445-999', '999999', NULL, 1),
(1451, 38, 1, '2022-09-13', 5, 2, '123-445-999', '999999', NULL, 1),
(1452, 38, 1, '2022-09-20', 5, 2, '123-445-999', '999999', NULL, 1),
(1453, 38, 1, '2022-09-27', 5, 2, '123-445-999', '999999', NULL, 1),
(1454, 38, 1, '2022-10-04', 5, 2, '123-445-999', '999999', NULL, 1),
(1455, 38, 1, '2022-10-11', 5, 2, '123-445-999', '999999', NULL, 1),
(1456, 38, 1, '2022-10-18', 5, 2, '123-445-999', '999999', NULL, 1),
(1457, 38, 1, '2022-10-25', 5, 2, '123-445-999', '999999', NULL, 1),
(1458, 38, 1, '2022-11-01', 5, 2, '123-445-999', '999999', NULL, 1),
(1459, 38, 1, '2022-11-08', 5, 2, '123-445-999', '999999', NULL, 1),
(1460, 38, 1, '2022-11-15', 5, 2, '123-445-999', '999999', NULL, 1),
(1461, 38, 1, '2022-11-22', 5, 2, '123-445-999', '999999', NULL, 1),
(1462, 38, 1, '2022-11-29', 5, 2, '123-445-999', '999999', NULL, 1),
(1463, 38, 1, '2022-12-06', 5, 2, '123-445-999', '999999', NULL, 1),
(1464, 38, 1, '2022-12-13', 5, 2, '123-445-999', '999999', NULL, 1),
(1465, 38, 1, '2022-12-20', 5, 2, '123-445-999', '999999', NULL, 1),
(1466, 38, 1, '2022-12-27', 5, 2, '123-445-999', '999999', NULL, 1),
(1467, 38, 1, '2023-01-03', 5, 2, '123-445-999', '999999', NULL, 1),
(1468, 38, 1, '2023-01-10', 5, 2, '123-445-999', '999999', NULL, 1),
(1469, 38, 1, '2023-01-17', 5, 2, '123-445-999', '999999', NULL, 1),
(1470, 38, 1, '2023-01-24', 5, 2, '123-445-999', '999999', NULL, 1),
(1471, 38, 1, '2023-01-31', 5, 2, '123-445-999', '999999', NULL, 1),
(1472, 38, 1, '2023-02-07', 5, 2, '123-445-999', '999999', NULL, 1),
(1473, 38, 1, '2023-02-14', 5, 2, '123-445-999', '999999', NULL, 1),
(1474, 38, 1, '2023-02-21', 5, 2, '123-445-999', '999999', NULL, 1),
(1475, 38, 1, '2023-02-28', 5, 2, '123-445-999', '999999', NULL, 1),
(1476, 38, 1, '2023-03-07', 5, 2, '123-445-999', '999999', NULL, 1),
(1477, 38, 1, '2023-03-14', 5, 2, '123-445-999', '999999', NULL, 1),
(1478, 38, 1, '2023-03-21', 5, 2, '123-445-999', '999999', NULL, 1),
(1479, 38, 1, '2023-03-28', 5, 2, '123-445-999', '999999', NULL, 1),
(1480, 38, 1, '2023-04-04', 5, 2, '123-445-999', '999999', NULL, 1),
(1481, 38, 1, '2023-04-11', 5, 2, '123-445-999', '999999', NULL, 1),
(1482, 38, 1, '2023-04-18', 5, 2, '123-445-999', '999999', NULL, 1),
(1483, 38, 1, '2023-04-25', 5, 2, '123-445-999', '999999', NULL, 1),
(1484, 38, 1, '2023-05-02', 5, 2, '123-445-999', '999999', NULL, 1),
(1485, 38, 1, '2023-05-09', 5, 2, '123-445-999', '999999', NULL, 1),
(1486, 38, 1, '2023-05-16', 5, 2, '123-445-999', '999999', NULL, 1),
(1487, 38, 1, '2023-05-23', 5, 2, '123-445-999', '999999', NULL, 1),
(1488, 38, 1, '2023-05-30', 5, 2, '123-445-999', '999999', NULL, 1),
(1489, 38, 1, '2023-06-06', 5, 2, '123-445-999', '999999', NULL, 1),
(1490, 38, 1, '2023-06-13', 5, 2, '123-445-999', '999999', NULL, 1),
(1491, 38, 1, '2023-06-20', 5, 2, '123-445-999', '999999', NULL, 1),
(1504, 39, 3, '2022-12-27', 5, 2, '123-445-9213', '999999', NULL, 1),
(1505, 39, 3, '2023-01-03', 5, 2, '123-445-9213', '999999', NULL, 1),
(1506, 39, 3, '2023-01-10', 5, 2, '123-445-9213', '999999', NULL, 1),
(1507, 39, 3, '2023-01-17', 5, 2, '123-445-9213', '999999', NULL, 1),
(1508, 39, 3, '2023-01-24', 5, 2, '123-445-9213', '999999', NULL, 1),
(1509, 39, 3, '2023-01-31', 5, 2, '123-445-9213', '999999', NULL, 1),
(1510, 39, 3, '2023-02-07', 5, 2, '123-445-9213', '999999', NULL, 1),
(1511, 39, 3, '2023-02-14', 5, 2, '123-445-9213', '999999', NULL, 1),
(1512, 39, 3, '2023-02-21', 5, 2, '123-445-9213', '999999', NULL, 1),
(1513, 39, 3, '2023-02-28', 5, 2, '123-445-9213', '999999', NULL, 1),
(1514, 39, 3, '2023-03-07', 5, 2, '123-445-9213', '999999', NULL, 1),
(1515, 39, 3, '2023-03-14', 5, 2, '123-445-9213', '999999', NULL, 1),
(1516, 39, 3, '2023-03-21', 5, 2, '123-445-9213', '999999', NULL, 1),
(1517, 39, 3, '2023-03-28', 5, 2, '123-445-9213', '999999', NULL, 1),
(1518, 39, 3, '2023-04-04', 5, 2, '123-445-9213', '999999', NULL, 1),
(1519, 39, 3, '2023-04-11', 5, 2, '123-445-9213', '999999', NULL, 1),
(1520, 39, 3, '2023-04-18', 5, 2, '123-445-9213', '999999', NULL, 1),
(1521, 39, 3, '2023-04-25', 5, 2, '123-445-9213', '999999', NULL, 1),
(1522, 39, 3, '2023-05-02', 5, 2, '123-445-9213', '999999', NULL, 1),
(1523, 39, 3, '2023-05-10', 5, 3, '123-445-9213', '999999', NULL, 1),
(1524, 39, 3, '2023-05-17', 5, 3, '123-445-9213', '999999', NULL, 1),
(1525, 39, 3, '2023-05-24', 5, 3, '123-445-9213', '999999', NULL, 1),
(1526, 39, 3, '2023-05-31', 5, 3, '123-445-9213', '999999', NULL, 1),
(1527, 39, 3, '2023-06-07', 5, 3, '123-445-9213', '999999', NULL, 1),
(1528, 39, 3, '2023-06-14', 5, 3, '123-445-9213', '999999', NULL, 1),
(1529, 39, 3, '2023-06-21', 5, 3, '123-445-9213', '999999', NULL, 1),
(1543, 39, 3, '2023-01-05', 5, 4, '123-445-9213', '999999', NULL, 1),
(1544, 39, 3, '2023-01-12', 5, 4, '123-445-9213', '999999', NULL, 1),
(1545, 39, 3, '2023-01-19', 5, 4, '123-445-9213', '999999', NULL, 1),
(1546, 39, 3, '2023-01-26', 5, 4, '123-445-9213', '999999', NULL, 1),
(1547, 39, 3, '2023-02-02', 5, 4, '123-445-9213', '999999', NULL, 1),
(1548, 39, 3, '2023-02-09', 5, 4, '123-445-9213', '999999', NULL, 1),
(1549, 39, 3, '2023-02-16', 5, 4, '123-445-9213', '999999', NULL, 1),
(1550, 39, 3, '2023-02-23', 5, 4, '123-445-9213', '999999', NULL, 1),
(1551, 39, 3, '2023-03-02', 5, 4, '123-445-9213', '999999', NULL, 1),
(1552, 39, 3, '2023-03-09', 5, 4, '123-445-9213', '999999', NULL, 1),
(1553, 39, 3, '2023-03-16', 5, 4, '123-445-9213', '999999', NULL, 1),
(1554, 39, 3, '2023-03-23', 5, 4, '123-445-9213', '999999', NULL, 1),
(1555, 39, 3, '2023-03-30', 5, 4, '123-445-9213', '999999', NULL, 1),
(1556, 39, 3, '2023-04-06', 5, 4, '123-445-9213', '999999', NULL, 1),
(1557, 39, 3, '2023-04-13', 5, 4, '123-445-9213', '999999', NULL, 1),
(1558, 39, 3, '2023-04-20', 5, 4, '123-445-9213', '999999', NULL, 1),
(1559, 39, 3, '2023-04-27', 5, 4, '123-445-9213', '999999', NULL, 1),
(1560, 39, 3, '2023-05-04', 5, 4, '123-445-9213', '999999', NULL, 1),
(1561, 39, 3, '2023-05-11', 5, 4, '123-445-9213', '999999', NULL, 1),
(1562, 39, 3, '2023-05-18', 5, 4, '123-445-9213', '999999', NULL, 1),
(1563, 39, 3, '2023-05-25', 5, 4, '123-445-9213', '999999', NULL, 1),
(1564, 39, 3, '2023-06-01', 5, 4, '123-445-9213', '999999', NULL, 1),
(1565, 39, 3, '2023-06-08', 5, 4, '123-445-9213', '999999', NULL, 1),
(1566, 39, 3, '2023-06-15', 5, 4, '123-445-9213', '999999', NULL, 1),
(1567, 39, 3, '2023-06-22', 5, 4, '123-445-9213', '999999', NULL, 1),
(1568, 40, 8, '2023-03-06', 5, 1, '123-445-8624', '999999', NULL, 0),
(1569, 40, 8, '2023-03-13', 5, 1, '123-445-8624', '999999', NULL, 0),
(1570, 40, 8, '2023-03-20', 5, 1, '123-445-8624', '999999', NULL, 0),
(1571, 40, 8, '2023-03-27', 5, 1, '123-445-8624', '999999', NULL, 0),
(1572, 40, 8, '2023-04-03', 5, 1, '123-445-8624', '999999', NULL, 0),
(1573, 40, 8, '2023-04-10', 5, 1, '123-445-8624', '999999', NULL, 0),
(1574, 40, 8, '2023-04-17', 5, 1, '123-445-8624', '999999', NULL, 0),
(1575, 40, 8, '2023-04-24', 5, 1, '123-445-8624', '999999', NULL, 0),
(1576, 40, 8, '2023-05-01', 5, 1, '123-445-8624', '999999', NULL, 0),
(1577, 40, 8, '2023-05-08', 5, 1, '123-445-8624', '999999', NULL, 0),
(1578, 40, 8, '2023-05-15', 5, 1, '123-445-8624', '999999', NULL, 0),
(1579, 40, 8, '2023-05-22', 5, 1, '123-445-8624', '999999', NULL, 0),
(1580, 40, 8, '2023-05-29', 5, 1, '123-445-8624', '999999', NULL, 0),
(1581, 40, 8, '2023-06-05', 5, 1, '123-445-8624', '999999', NULL, 0),
(1582, 40, 8, '2023-06-12', 5, 1, '123-445-8624', '999999', NULL, 0),
(1583, 40, 8, '2023-06-19', 5, 1, '123-445-8624', '999999', NULL, 0),
(1584, 40, 8, '2023-03-07', 5, 2, '123-445-8624', '999999', NULL, 0),
(1585, 40, 8, '2023-03-14', 5, 2, '123-445-8624', '999999', NULL, 0),
(1586, 40, 8, '2023-03-21', 5, 2, '123-445-8624', '999999', NULL, 0),
(1587, 40, 8, '2023-03-28', 5, 2, '123-445-8624', '999999', NULL, 0),
(1588, 40, 8, '2023-04-04', 5, 2, '123-445-8624', '999999', NULL, 0),
(1589, 40, 8, '2023-04-11', 5, 2, '123-445-8624', '999999', NULL, 0),
(1590, 40, 8, '2023-04-18', 5, 2, '123-445-8624', '999999', NULL, 0),
(1591, 40, 8, '2023-04-25', 5, 2, '123-445-8624', '999999', NULL, 0),
(1592, 40, 8, '2023-05-02', 5, 2, '123-445-8624', '999999', NULL, 0),
(1593, 40, 8, '2023-05-10', 5, 3, '123-445-8624', '999999', NULL, 0),
(1594, 40, 8, '2023-05-17', 5, 3, '123-445-8624', '999999', NULL, 0),
(1595, 40, 8, '2023-05-24', 5, 3, '123-445-8624', '999999', NULL, 0),
(1596, 40, 8, '2023-05-31', 5, 3, '123-445-8624', '999999', NULL, 0),
(1597, 40, 8, '2023-06-07', 5, 3, '123-445-8624', '999999', NULL, 0),
(1598, 40, 8, '2023-06-14', 5, 3, '123-445-8624', '999999', NULL, 0),
(1599, 40, 8, '2023-06-21', 5, 3, '123-445-8624', '999999', NULL, 0),
(1633, 42, 6, '2023-05-01', 4, 1, '123-445-9213', '999999', NULL, 0),
(1634, 42, 6, '2023-05-08', 4, 1, '123-445-9213', '999999', NULL, 0),
(1635, 42, 6, '2023-05-15', 4, 1, '123-445-9213', '999999', NULL, 0),
(1636, 42, 6, '2023-05-22', 4, 1, '123-445-9213', '999999', NULL, 0),
(1637, 42, 6, '2023-05-29', 4, 1, '123-445-9213', '999999', NULL, 0),
(1638, 42, 6, '2023-06-05', 4, 1, '123-445-9213', '999999', NULL, 0),
(1639, 42, 6, '2023-06-12', 4, 1, '123-445-9213', '999999', NULL, 0),
(1640, 42, 6, '2023-06-19', 4, 1, '123-445-9213', '999999', NULL, 0),
(1641, 42, 6, '2023-05-03', 4, 3, '123-445-9213', '999999', NULL, 0),
(1642, 42, 6, '2023-05-10', 4, 3, '123-445-9213', '999999', NULL, 0),
(1643, 42, 6, '2023-05-17', 4, 3, '123-445-9213', '999999', NULL, 0),
(1644, 42, 6, '2023-05-24', 4, 3, '123-445-9213', '999999', NULL, 0),
(1645, 42, 6, '2023-05-31', 4, 3, '123-445-9213', '999999', NULL, 0),
(1646, 42, 6, '2023-06-07', 4, 3, '123-445-9213', '999999', NULL, 0),
(1647, 42, 6, '2023-06-14', 4, 3, '123-445-9213', '999999', NULL, 0),
(1648, 42, 6, '2023-06-21', 4, 3, '123-445-9213', '999999', NULL, 0),
(1649, 42, 6, '2023-05-05', 4, 5, '123-445-9213', '999999', NULL, 0),
(1650, 42, 6, '2023-05-12', 4, 5, '123-445-9213', '999999', NULL, 0),
(1651, 42, 6, '2023-05-19', 4, 5, '123-445-9213', '999999', NULL, 0),
(1652, 42, 6, '2023-05-26', 4, 5, '123-445-9213', '999999', NULL, 0),
(1653, 42, 6, '2023-06-02', 4, 5, '123-445-9213', '999999', NULL, 0),
(1654, 42, 6, '2023-06-09', 4, 5, '123-445-9213', '999999', NULL, 0),
(1655, 42, 6, '2023-06-16', 4, 5, '123-445-9213', '999999', NULL, 0),
(1656, 42, 6, '2023-06-23', 4, 5, '123-445-9213', '999999', NULL, 0),
(1657, 44, 13, '2023-06-05', 2, 1, '123-445-9213', '999999', NULL, 1),
(1658, 44, 13, '2023-06-12', 2, 1, '123-445-9213', '999999', NULL, 1),
(1659, 44, 13, '2023-06-19', 2, 1, '123-445-9213', '999999', NULL, 1),
(1660, 44, 13, '2023-06-07', 2, 3, '123-445-9213', '999999', NULL, 1),
(1661, 44, 13, '2023-06-14', 2, 3, '123-445-9213', '999999', NULL, 1),
(1662, 44, 13, '2023-06-21', 2, 3, '123-445-9213', '999999', NULL, 1),
(1663, 44, 14, '2023-06-04', 1, 7, '123-445-9213', '999999', 'Lịch bù', 2),
(1664, 44, 13, '2023-06-09', 2, 5, '123-445-9213', '999999', NULL, 1),
(1665, 44, 13, '2023-06-16', 2, 5, '123-445-9213', '999999', NULL, 1),
(1666, 44, 13, '2023-06-23', 2, 5, '123-445-9213', '999999', NULL, 1),
(1667, 45, 15, '2023-06-06', 1, 2, '123-445-9213', '999999', NULL, 0),
(1668, 45, 15, '2023-06-13', 1, 2, '123-445-9213', '999999', NULL, 0),
(1669, 45, 15, '2023-06-20', 1, 2, '123-445-9213', '999999', NULL, 0),
(1670, 45, 15, '2023-06-07', 2, 3, '123-445-9213', '999999', NULL, 0),
(1671, 45, 15, '2023-06-14', 2, 3, '123-445-9213', '999999', NULL, 0),
(1672, 45, 15, '2023-06-21', 2, 3, '123-445-9213', '999999', NULL, 0),
(1673, 46, 8, '2023-06-06', 5, 2, '123-445-9245', '12345ef', NULL, 0),
(1674, 46, 8, '2023-06-13', 5, 2, '123-445-9245', '12345ef', NULL, 0),
(1675, 46, 8, '2023-06-20', 5, 2, '123-445-9245', '12345ef', NULL, 0),
(1676, 46, 8, '2023-06-07', 4, 3, '123-445-9245', '12345ef', NULL, 0),
(1677, 46, 8, '2023-06-14', 4, 3, '123-445-9245', '12345ef', NULL, 0),
(1678, 46, 8, '2023-06-21', 4, 3, '123-445-9245', '12345ef', NULL, 0);

-- --------------------------------------------------------

--
-- Table structure for table `lophoc`
--

CREATE TABLE `lophoc` (
  `MaLopHoc` int(11) NOT NULL,
  `TenLop` varchar(50) NOT NULL,
  `SiSo` int(11) NOT NULL,
  `TrangThai` int(11) NOT NULL,
  `MaGV` int(11) NOT NULL,
  `NgayBD` date NOT NULL,
  `HocPhi` int(11) NOT NULL,
  `IdChinh` varchar(20) NOT NULL,
  `PassChinh` varchar(10) NOT NULL,
  `LoaiLop` int(11) NOT NULL
) ENGINE=InnoDB DEFAULT CHARSET=utf8 COLLATE=utf8_general_ci;

--
-- Dumping data for table `lophoc`
--

INSERT INTO `lophoc` (`MaLopHoc`, `TenLop`, `SiSo`, `TrangThai`, `MaGV`, `NgayBD`, `HocPhi`, `IdChinh`, `PassChinh`, `LoaiLop`) VALUES
(38, 'Toán Thường 1', 20, 3, 1, '2022-09-01', 5000000, '123-445-999', '999999', 1),
(39, 'Văn Nâng Cao 1', 20, 3, 3, '2023-01-01', 4200000, '123-445-9213', '999999', 2),
(40, 'Toán Thường 2', 20, 1, 8, '2023-03-01', 2000000, '123-445-8624', '999999', 1),
(41, 'Anh Thường 1', 20, 5, 6, '2023-03-01', 2000000, '123-445-9213', '999999', 1),
(42, 'Anh Nâng Cao 1', 20, 2, 6, '2023-05-01', 2000000, '123-445-9213', '999999', 2),
(43, 'Toán Thường 5', 20, 4, 1, '2021-03-01', 2000000, '123-445-888', '999999', 1),
(44, 'Sinh Nâng Cao 1', 20, 3, 13, '2023-06-01', 1100000, '123-445-9213', '999999', 2),
(45, 'Toán Nâng Cao 1', 20, 1, 15, '2023-06-01', 700000, '123-445-9213', '999999', 2),
(46, 'Toán Nâng Cao 2', 20, 2, 8, '2023-06-01', 1500000, '123-445-9245', '12345ef', 2);

-- --------------------------------------------------------

--
-- Table structure for table `messages`
--

CREATE TABLE `messages` (
  `msg_id` int(11) NOT NULL,
  `incoming_msg_id` varchar(10) NOT NULL,
  `outgoing_msg_id` varchar(10) NOT NULL,
  `msg` varchar(1000) NOT NULL,
  `Time` int(11) NOT NULL,
  `CheDo` int(11) NOT NULL
) ENGINE=InnoDB DEFAULT CHARSET=utf8 COLLATE=utf8_general_ci;

--
-- Dumping data for table `messages`
--

INSERT INTO `messages` (`msg_id`, `incoming_msg_id`, `outgoing_msg_id`, `msg`, `Time`, `CheDo`) VALUES
(2, 'HS1', 'QL', '11', 2023, 1);

-- --------------------------------------------------------

--
-- Table structure for table `monhoc`
--

CREATE TABLE `monhoc` (
  `MaMonHoc` int(11) NOT NULL,
  `TenMonHoc` varchar(100) NOT NULL
) ENGINE=InnoDB DEFAULT CHARSET=utf8 COLLATE=utf8_general_ci;

--
-- Dumping data for table `monhoc`
--

INSERT INTO `monhoc` (`MaMonHoc`, `TenMonHoc`) VALUES
(1, 'Toán'),
(2, 'Văn'),
(3, 'Anh'),
(6, 'Lý'),
(7, 'Hóa'),
(8, 'Sinh');

-- --------------------------------------------------------

--
-- Table structure for table `quanli`
--

CREATE TABLE `quanli` (
  `MaQL` int(11) NOT NULL,
  `TenQL` varchar(100) NOT NULL,
  `DiaChi` varchar(100) NOT NULL,
  `NgaySinh` date NOT NULL,
  `GioiTinh` varchar(10) NOT NULL,
  `SDT` varchar(11) NOT NULL,
  `Email` varchar(100) NOT NULL,
  `TenDN` varchar(100) NOT NULL,
  `NgayThi` date DEFAULT NULL,
  `Role` int(11) NOT NULL,
  `HinhAnh` varchar(100) NOT NULL,
  `status` int(11) NOT NULL
) ENGINE=InnoDB DEFAULT CHARSET=utf8 COLLATE=utf8_general_ci;

--
-- Dumping data for table `quanli`
--

INSERT INTO `quanli` (`MaQL`, `TenQL`, `DiaChi`, `NgaySinh`, `GioiTinh`, `SDT`, `Email`, `TenDN`, `NgayThi`, `Role`, `HinhAnh`, `status`) VALUES
(1, 'Nguyễn Văn Tú', 'Phan Văn Trị quận Gò Vấp', '1999-06-08', 'Nam', '013551501', 'NguyenVanTu@gmail.com', 'QL', '2023-06-27', 1, 'avatar4.png', 1),
(3, 'Lê Mỹ Hương', 'An Giang', '1999-03-02', 'Nữ', '034185365', 'LeMinhHuong@gmail.com', 'QL3', NULL, 3, '1683357270avatar3.png', 0),
(4, 'Nguyễn Lê Minh Hòa', 'An Giang', '2000-06-12', 'Nữ', '01361574', 'NguyenLeMinhHoa@gmail.com', 'QL4', NULL, 2, 'avatar3.png', 0),
(5, 'Chu Thị Ngọc', 'Hà Nội', '1997-08-22', 'Nữ', '084653541', 'ChuThiNgoc@gmail.com', 'QL5', NULL, 3, '1683356796avatar2.png', 0);

-- --------------------------------------------------------

--
-- Table structure for table `taikhoan`
--

CREATE TABLE `taikhoan` (
  `TenDN` varchar(50) NOT NULL,
  `MK` int(11) NOT NULL,
  `LoaiTK` varchar(50) NOT NULL,
  `TrangThaiTK` int(11) NOT NULL
) ENGINE=InnoDB DEFAULT CHARSET=utf8 COLLATE=utf8_general_ci;

--
-- Dumping data for table `taikhoan`
--

INSERT INTO `taikhoan` (`TenDN`, `MK`, `LoaiTK`, `TrangThaiTK`) VALUES
('GV', 12345, 'GV', 1),
('GV1', 12345, 'GV', 1),
('GV10', 12345, 'GV', 1),
('GV11', 12345, 'GV', 1),
('GV12', 123456, 'GV', 1),
('GV13', 12345, 'GV', 1),
('GV14', 12345, 'GV', 1),
('GV15', 12345, 'GV', 1),
('GV16', 12345, 'GV', 1),
('GV17', 12345, 'GV', 0),
('GV2', 12345, 'GV', 1),
('GV3', 12345, 'GV', 1),
('GV4', 12345, 'GV', 1),
('GV5', 12345, 'GV', 1),
('GV6', 12345, 'GV', 1),
('GV8', 12345, 'GV', 1),
('GV9', 12345, 'GV', 1),
('HS1', 12345, 'HS', 1),
('HS10', 12345, 'HS', 1),
('HS11', 123456, 'HS', 1),
('HS12', 12345, 'HS', 1),
('HS13', 12345, 'HS', 1),
('HS14', 12345, 'HS', 1),
('HS15', 12345, 'HS', 1),
('HS16', 12345, 'HS', 1),
('HS17', 12345, 'HS', 1),
('HS18', 12345, 'HS', 1),
('HS19', 12345, 'HS', 1),
('HS2', 12345, 'HS', 1),
('HS20', 12345, 'HS', 1),
('HS21', 12345, 'HS', 1),
('HS22', 12345, 'HS', 1),
('HS23', 12345, 'HS', 1),
('HS24', 12345, 'HS', 1),
('HS25', 12345, 'HS', 1),
('HS26', 12345, 'HS', 1),
('HS27', 12345, 'HS', 1),
('HS28', 12345, 'HS', 1),
('HS29', 12345, 'HS', 1),
('HS3', 12345, 'HS', 1),
('HS30', 12345, 'HS', 1),
('HS31', 12345, 'HS', 1),
('HS32', 12345, 'HS', 1),
('HS33', 12345, 'HS', 1),
('HS34', 12345, 'HS', 1),
('HS35', 12345, 'HS', 1),
('HS36', 12345, 'HS', 1),
('HS37', 12345, 'HS', 1),
('HS38', 12345, 'HS', 1),
('HS39', 12345, 'HS', 1),
('HS4', 12345, 'HS', 1),
('HS40', 12345, 'HS', 1),
('HS41', 12345, 'HS', 1),
('HS42', 12345, 'HS', 1),
('HS43', 12345, 'HS', 1),
('HS44', 12345, 'HS', 1),
('HS45', 12345, 'HS', 1),
('HS5', 12345, 'HS', 1),
('HS6', 12345, 'HS', 1),
('HS7', 12345, 'HS', 1),
('HS8', 12345, 'HS', 0),
('HS9', 12345, 'HS', 1),
('QL', 12345, 'QL', 1),
('QL3', 12345, 'QL', 1),
('QL4', 123456, 'QL', 1),
('QL5', 12345, 'QL', 0);

-- --------------------------------------------------------

--
-- Table structure for table `thu`
--

CREATE TABLE `thu` (
  `MaThu` int(11) NOT NULL,
  `Ten` varchar(10) NOT NULL
) ENGINE=InnoDB DEFAULT CHARSET=utf8 COLLATE=utf8_general_ci;

--
-- Dumping data for table `thu`
--

INSERT INTO `thu` (`MaThu`, `Ten`) VALUES
(1, 'Thứ 2'),
(2, 'Thứ 3'),
(3, 'Thứ 4'),
(4, 'Thứ 5'),
(5, 'Thứ 6'),
(6, 'Thứ 7'),
(7, 'Chủ Nhật');

-- --------------------------------------------------------

--
-- Table structure for table `tiet`
--

CREATE TABLE `tiet` (
  `MaTiet` int(11) NOT NULL,
  `ThoiGian` varchar(10) NOT NULL
) ENGINE=InnoDB DEFAULT CHARSET=utf8 COLLATE=utf8_general_ci;

--
-- Dumping data for table `tiet`
--

INSERT INTO `tiet` (`MaTiet`, `ThoiGian`) VALUES
(1, '7h-9h'),
(2, '9h-11h'),
(3, '1h-3h'),
(4, '3h-4h'),
(5, '18h-20h'),
(6, '20h-22h');

--
-- Indexes for dumped tables
--

--
-- Indexes for table `baihoc`
--
ALTER TABLE `baihoc`
  ADD PRIMARY KEY (`MaBH`),
  ADD KEY `MaGV` (`MaLopHoc`);

--
-- Indexes for table `bailam`
--
ALTER TABLE `bailam`
  ADD PRIMARY KEY (`MaBL`),
  ADD KEY `MaKT` (`MaKT`,`MaHS`),
  ADD KEY `MaHS` (`MaHS`);

--
-- Indexes for table `bailamtn`
--
ALTER TABLE `bailamtn`
  ADD PRIMARY KEY (`MaCHTN`,`MaBL`),
  ADD KEY `MaBL` (`MaBL`);

--
-- Indexes for table `bailamvan`
--
ALTER TABLE `bailamvan`
  ADD PRIMARY KEY (`MaBL`);

--
-- Indexes for table `baiviet`
--
ALTER TABLE `baiviet`
  ADD PRIMARY KEY (`MaBV`),
  ADD KEY `MaQL` (`MaQL`),
  ADD KEY `MaQL_2` (`MaQL`);

--
-- Indexes for table `bangluong`
--
ALTER TABLE `bangluong`
  ADD PRIMARY KEY (`MaLuong`);

--
-- Indexes for table `cauhoitn`
--
ALTER TABLE `cauhoitn`
  ADD PRIMARY KEY (`MaCHTN`),
  ADD KEY `MaMonHoc` (`MaKT`);

--
-- Indexes for table `ctkiemtra`
--
ALTER TABLE `ctkiemtra`
  ADD PRIMARY KEY (`MaKT`,`MaLopHoc`),
  ADD KEY `MaLopHoc` (`MaLopHoc`);

--
-- Indexes for table `ctlichhoc`
--
ALTER TABLE `ctlichhoc`
  ADD PRIMARY KEY (`MaLopHoc`,`MaThu`,`MaTiet`),
  ADD KEY `MaThu` (`MaThu`),
  ADD KEY `MaTiet` (`MaTiet`);

--
-- Indexes for table `ctlophoc`
--
ALTER TABLE `ctlophoc`
  ADD PRIMARY KEY (`MaLopHoc`,`MaHocSinh`),
  ADD KEY `MaHocSinh` (`MaHocSinh`);

--
-- Indexes for table `dekiemtra`
--
ALTER TABLE `dekiemtra`
  ADD PRIMARY KEY (`MaKT`),
  ADD KEY `MaGV` (`MaGV`);

--
-- Indexes for table `giaovien`
--
ALTER TABLE `giaovien`
  ADD PRIMARY KEY (`MaGV`),
  ADD KEY `TenDN` (`TenDN`,`MaMonHoc`),
  ADD KEY `MaMonHoc` (`MaMonHoc`);

--
-- Indexes for table `hoadongv`
--
ALTER TABLE `hoadongv`
  ADD PRIMARY KEY (`MaHoaDon`),
  ADD KEY `MaGV` (`MaGV`);

--
-- Indexes for table `hoadonhs`
--
ALTER TABLE `hoadonhs`
  ADD PRIMARY KEY (`MaHoaDon`),
  ADD KEY `MaLopHoc` (`MaLopHoc`),
  ADD KEY `MaHS` (`MaHS`);

--
-- Indexes for table `hoadonql`
--
ALTER TABLE `hoadonql`
  ADD PRIMARY KEY (`MaHoaDon`),
  ADD KEY `MaQL` (`MaQL`);

--
-- Indexes for table `hocsinh`
--
ALTER TABLE `hocsinh`
  ADD PRIMARY KEY (`MaHS`),
  ADD KEY `TenDN` (`TenDN`);

--
-- Indexes for table `lichhocvsgiangday`
--
ALTER TABLE `lichhocvsgiangday`
  ADD PRIMARY KEY (`MaLich`),
  ADD KEY `MaMonHoc` (`MaLopHoc`),
  ADD KEY `GVTrucTiep` (`GVTrucTiep`);

--
-- Indexes for table `lophoc`
--
ALTER TABLE `lophoc`
  ADD PRIMARY KEY (`MaLopHoc`),
  ADD KEY `MaGV` (`MaGV`);

--
-- Indexes for table `messages`
--
ALTER TABLE `messages`
  ADD PRIMARY KEY (`msg_id`);

--
-- Indexes for table `monhoc`
--
ALTER TABLE `monhoc`
  ADD PRIMARY KEY (`MaMonHoc`);

--
-- Indexes for table `quanli`
--
ALTER TABLE `quanli`
  ADD PRIMARY KEY (`MaQL`),
  ADD KEY `TenDN` (`TenDN`);

--
-- Indexes for table `taikhoan`
--
ALTER TABLE `taikhoan`
  ADD PRIMARY KEY (`TenDN`);

--
-- Indexes for table `thu`
--
ALTER TABLE `thu`
  ADD PRIMARY KEY (`MaThu`);

--
-- Indexes for table `tiet`
--
ALTER TABLE `tiet`
  ADD PRIMARY KEY (`MaTiet`);

--
-- AUTO_INCREMENT for dumped tables
--

--
-- AUTO_INCREMENT for table `baihoc`
--
ALTER TABLE `baihoc`
  MODIFY `MaBH` int(11) NOT NULL AUTO_INCREMENT, AUTO_INCREMENT=26;

--
-- AUTO_INCREMENT for table `bailam`
--
ALTER TABLE `bailam`
  MODIFY `MaBL` int(11) NOT NULL AUTO_INCREMENT, AUTO_INCREMENT=74;

--
-- AUTO_INCREMENT for table `bailamvan`
--
ALTER TABLE `bailamvan`
  MODIFY `MaBL` int(11) NOT NULL AUTO_INCREMENT;

--
-- AUTO_INCREMENT for table `baiviet`
--
ALTER TABLE `baiviet`
  MODIFY `MaBV` int(11) NOT NULL AUTO_INCREMENT, AUTO_INCREMENT=9;

--
-- AUTO_INCREMENT for table `bangluong`
--
ALTER TABLE `bangluong`
  MODIFY `MaLuong` int(11) NOT NULL AUTO_INCREMENT, AUTO_INCREMENT=6;

--
-- AUTO_INCREMENT for table `cauhoitn`
--
ALTER TABLE `cauhoitn`
  MODIFY `MaCHTN` int(11) NOT NULL AUTO_INCREMENT, AUTO_INCREMENT=33;

--
-- AUTO_INCREMENT for table `dekiemtra`
--
ALTER TABLE `dekiemtra`
  MODIFY `MaKT` int(11) NOT NULL AUTO_INCREMENT, AUTO_INCREMENT=46;

--
-- AUTO_INCREMENT for table `giaovien`
--
ALTER TABLE `giaovien`
  MODIFY `MaGV` int(11) NOT NULL AUTO_INCREMENT, AUTO_INCREMENT=18;

--
-- AUTO_INCREMENT for table `hoadongv`
--
ALTER TABLE `hoadongv`
  MODIFY `MaHoaDon` int(11) NOT NULL AUTO_INCREMENT, AUTO_INCREMENT=51;

--
-- AUTO_INCREMENT for table `hoadonhs`
--
ALTER TABLE `hoadonhs`
  MODIFY `MaHoaDon` int(11) NOT NULL AUTO_INCREMENT, AUTO_INCREMENT=446;

--
-- AUTO_INCREMENT for table `hoadonql`
--
ALTER TABLE `hoadonql`
  MODIFY `MaHoaDon` int(11) NOT NULL AUTO_INCREMENT, AUTO_INCREMENT=12;

--
-- AUTO_INCREMENT for table `hocsinh`
--
ALTER TABLE `hocsinh`
  MODIFY `MaHS` int(11) NOT NULL AUTO_INCREMENT, AUTO_INCREMENT=78;

--
-- AUTO_INCREMENT for table `lichhocvsgiangday`
--
ALTER TABLE `lichhocvsgiangday`
  MODIFY `MaLich` int(11) NOT NULL AUTO_INCREMENT, AUTO_INCREMENT=1679;

--
-- AUTO_INCREMENT for table `lophoc`
--
ALTER TABLE `lophoc`
  MODIFY `MaLopHoc` int(11) NOT NULL AUTO_INCREMENT, AUTO_INCREMENT=47;

--
-- AUTO_INCREMENT for table `messages`
--
ALTER TABLE `messages`
  MODIFY `msg_id` int(11) NOT NULL AUTO_INCREMENT, AUTO_INCREMENT=3;

--
-- AUTO_INCREMENT for table `monhoc`
--
ALTER TABLE `monhoc`
  MODIFY `MaMonHoc` int(11) NOT NULL AUTO_INCREMENT, AUTO_INCREMENT=9;

--
-- AUTO_INCREMENT for table `quanli`
--
ALTER TABLE `quanli`
  MODIFY `MaQL` int(11) NOT NULL AUTO_INCREMENT, AUTO_INCREMENT=6;

--
-- Constraints for dumped tables
--

--
-- Constraints for table `baihoc`
--
ALTER TABLE `baihoc`
  ADD CONSTRAINT `baihoc_ibfk_2` FOREIGN KEY (`MaLopHoc`) REFERENCES `lophoc` (`MaLopHoc`);

--
-- Constraints for table `bailam`
--
ALTER TABLE `bailam`
  ADD CONSTRAINT `bailam_ibfk_1` FOREIGN KEY (`MaKT`) REFERENCES `dekiemtra` (`MaKT`) ON DELETE CASCADE ON UPDATE CASCADE,
  ADD CONSTRAINT `bailam_ibfk_2` FOREIGN KEY (`MaHS`) REFERENCES `hocsinh` (`MaHS`) ON DELETE CASCADE ON UPDATE CASCADE;

--
-- Constraints for table `bailamtn`
--
ALTER TABLE `bailamtn`
  ADD CONSTRAINT `bailamtn_ibfk_1` FOREIGN KEY (`MaCHTN`) REFERENCES `cauhoitn` (`MaCHTN`) ON DELETE CASCADE ON UPDATE CASCADE,
  ADD CONSTRAINT `bailamtn_ibfk_2` FOREIGN KEY (`MaBL`) REFERENCES `bailam` (`MaBL`) ON DELETE CASCADE ON UPDATE CASCADE;

--
-- Constraints for table `baiviet`
--
ALTER TABLE `baiviet`
  ADD CONSTRAINT `baiviet_ibfk_1` FOREIGN KEY (`MaQL`) REFERENCES `quanli` (`MaQL`) ON DELETE CASCADE ON UPDATE CASCADE;

--
-- Constraints for table `cauhoitn`
--
ALTER TABLE `cauhoitn`
  ADD CONSTRAINT `cauhoitn_ibfk_1` FOREIGN KEY (`MaKT`) REFERENCES `dekiemtra` (`MaKT`);

--
-- Constraints for table `ctkiemtra`
--
ALTER TABLE `ctkiemtra`
  ADD CONSTRAINT `ctkiemtra_ibfk_1` FOREIGN KEY (`MaKT`) REFERENCES `dekiemtra` (`MaKT`),
  ADD CONSTRAINT `ctkiemtra_ibfk_2` FOREIGN KEY (`MaLopHoc`) REFERENCES `lophoc` (`MaLopHoc`);

--
-- Constraints for table `ctlichhoc`
--
ALTER TABLE `ctlichhoc`
  ADD CONSTRAINT `ctlichhoc_ibfk_1` FOREIGN KEY (`MaLopHoc`) REFERENCES `lophoc` (`MaLopHoc`) ON DELETE CASCADE ON UPDATE CASCADE,
  ADD CONSTRAINT `ctlichhoc_ibfk_2` FOREIGN KEY (`MaThu`) REFERENCES `thu` (`MaThu`),
  ADD CONSTRAINT `ctlichhoc_ibfk_3` FOREIGN KEY (`MaTiet`) REFERENCES `tiet` (`MaTiet`);

--
-- Constraints for table `ctlophoc`
--
ALTER TABLE `ctlophoc`
  ADD CONSTRAINT `ctlophoc_ibfk_1` FOREIGN KEY (`MaHocSinh`) REFERENCES `hocsinh` (`MaHS`),
  ADD CONSTRAINT `ctlophoc_ibfk_2` FOREIGN KEY (`MaLopHoc`) REFERENCES `lophoc` (`MaLopHoc`);

--
-- Constraints for table `dekiemtra`
--
ALTER TABLE `dekiemtra`
  ADD CONSTRAINT `dekiemtra_ibfk_1` FOREIGN KEY (`MaGV`) REFERENCES `giaovien` (`MaGV`) ON DELETE CASCADE ON UPDATE CASCADE;

--
-- Constraints for table `giaovien`
--
ALTER TABLE `giaovien`
  ADD CONSTRAINT `giaovien_ibfk_1` FOREIGN KEY (`TenDN`) REFERENCES `taikhoan` (`TenDN`) ON DELETE CASCADE ON UPDATE CASCADE,
  ADD CONSTRAINT `giaovien_ibfk_2` FOREIGN KEY (`MaMonHoc`) REFERENCES `monhoc` (`MaMonHoc`) ON DELETE CASCADE ON UPDATE CASCADE;

--
-- Constraints for table `hoadongv`
--
ALTER TABLE `hoadongv`
  ADD CONSTRAINT `hoadongv_ibfk_1` FOREIGN KEY (`MaGV`) REFERENCES `giaovien` (`MaGV`);

--
-- Constraints for table `hoadonhs`
--
ALTER TABLE `hoadonhs`
  ADD CONSTRAINT `hoadonhs_ibfk_1` FOREIGN KEY (`MaLopHoc`) REFERENCES `lophoc` (`MaLopHoc`),
  ADD CONSTRAINT `hoadonhs_ibfk_2` FOREIGN KEY (`MaHS`) REFERENCES `hocsinh` (`MaHS`);

--
-- Constraints for table `hoadonql`
--
ALTER TABLE `hoadonql`
  ADD CONSTRAINT `hoadonql_ibfk_1` FOREIGN KEY (`MaQL`) REFERENCES `quanli` (`MaQL`);

--
-- Constraints for table `hocsinh`
--
ALTER TABLE `hocsinh`
  ADD CONSTRAINT `hocsinh_ibfk_1` FOREIGN KEY (`TenDN`) REFERENCES `taikhoan` (`TenDN`) ON DELETE CASCADE ON UPDATE CASCADE;

--
-- Constraints for table `lichhocvsgiangday`
--
ALTER TABLE `lichhocvsgiangday`
  ADD CONSTRAINT `lichhocvsgiangday_ibfk_1` FOREIGN KEY (`MaLopHoc`) REFERENCES `lophoc` (`MaLopHoc`),
  ADD CONSTRAINT `lichhocvsgiangday_ibfk_2` FOREIGN KEY (`GVTrucTiep`) REFERENCES `giaovien` (`MaGV`);

--
-- Constraints for table `lophoc`
--
ALTER TABLE `lophoc`
  ADD CONSTRAINT `lophoc_ibfk_1` FOREIGN KEY (`MaGV`) REFERENCES `giaovien` (`MaGV`) ON DELETE CASCADE ON UPDATE CASCADE;

--
-- Constraints for table `quanli`
--
ALTER TABLE `quanli`
  ADD CONSTRAINT `quanli_ibfk_1` FOREIGN KEY (`TenDN`) REFERENCES `taikhoan` (`TenDN`) ON DELETE CASCADE ON UPDATE CASCADE;
COMMIT;

/*!40101 SET CHARACTER_SET_CLIENT=@OLD_CHARACTER_SET_CLIENT */;
/*!40101 SET CHARACTER_SET_RESULTS=@OLD_CHARACTER_SET_RESULTS */;
/*!40101 SET COLLATION_CONNECTION=@OLD_COLLATION_CONNECTION */;
